ABARA_code,Family,Genus,Species,Scientific_name,Chinese_name,DNA,COI,28S,Storage,Sex,Country,Locality,Elve,Latitude,Longitude,Collection_Year,Collection_Month,Collection_Day,QGIS_Action_Link
ABARA_00275,Araneidae,Aoaraneus,pentagrammicus,Aoaraneus pentagrammicus,五紋青鬼蛛,,,,,F,Taiwan,"Guanziling, Tainan",300.0,23.3388,120.503,2017,12,9,obsidian://open?vault=NCHU_Research&file=ABARA_00275
ABARA_00372,Araneidae,Bijoaraneus,sp.1,Bijoaraneus sp.1,,,,,Pringles_02,F,Taiwan,"Pingtung County, Taiwan",200.0,22.4,120.64,2019,6,25,obsidian://open?vault=NCHU_Research&file=ABARA_00372
ABARA_00380,Araneidae,Bijoaraneus,sp.1,Bijoaraneus sp.1,,●,◐,●,Pringles_02,M,Taiwan,"Pingtung County, Taiwan",200.0,22.4,120.64,2019,6,25,obsidian://open?vault=NCHU_Research&file=ABARA_00380
ABARA_00381,Araneidae,Bijoaraneus,sp.1,Bijoaraneus sp.1,,●,◐,●,Pringles_02,F,Taiwan,"Pingtung County, Taiwan",200.0,22.4,120.64,2019,6,25,obsidian://open?vault=NCHU_Research&file=ABARA_00381
ABARA_00382,Araneidae,Bijoaraneus,sp.1,Bijoaraneus sp.1,,●,◐,●,Pringles_02,F,Taiwan,"Pingtung County, Taiwan",200.0,22.4,120.64,2019,6,25,obsidian://open?vault=NCHU_Research&file=ABARA_00382
ABARA_00517,Araneidae,Eriovixia,laglaizei,Eriovixia laglaizei,拉氏毛圓蛛,●,◐,●,Pringles_03,F,Taiwan,"Low Altitude Experimental Station, Hoping Dist. Taichung City",1000.0,24.273285,120.948539,2019,6,30,obsidian://open?vault=NCHU_Research&file=ABARA_00517
ABARA_00559,Araneidae,Aoaraneus,pentagrammicus,Aoaraneus pentagrammicus,五紋青鬼蛛,●,◐,,Pringles_01,F,Taiwan,"Qingshan Road, New Taipei City",300.0,25.221899,121.532976,2019,7,12,obsidian://open?vault=NCHU_Research&file=ABARA_00559
ABARA_00661,Araneidae,Eriovixia,sakiedaorum,Eriovixia sakiedaorum,崎枝氏毛圓蛛,●,◐,,Pringles_03,F,Taiwan,"Lovers Lake Park, Kee Lung",160.0,25.159123,121.704894,2019,7,11,obsidian://open?vault=NCHU_Research&file=ABARA_00661
ABARA_00716,Araneidae,Eriovixia,laglaizei,Eriovixia laglaizei,拉氏毛圓蛛,●,◐,,Pringles_03,F,Taiwan,Pinglin Gourd,,24.865397,121.661323,2019,7,22,obsidian://open?vault=NCHU_Research&file=ABARA_00716
ABARA_01343,Araneidae,Eriovixia,sakiedaorum,Eriovixia sakiedaorum,崎枝氏毛圓蛛,●,,,Pringles_03,F,Taiwan,"Tianzi Village, Zhushan Township, Nantou County",380.0,23.703,120.1294,2020,3,11,obsidian://open?vault=NCHU_Research&file=ABARA_01343
ABARA_01370,Araneidae,Aoaraneus,pentagrammicus,Aoaraneus pentagrammicus,五紋青鬼蛛,,,,Pringles_01,F,Taiwan,"Wunlan, Sioulin Township, Hualien ",,,,2019,8,14,obsidian://open?vault=NCHU_Research&file=ABARA_01370
ABARA_01371,Araneidae,Aoaraneus,pentagrammicus,Aoaraneus pentagrammicus,五紋青鬼蛛,●,,,Pringles_01,F,Taiwan,"Wunlan, Sioulin Township, Hualien ",,,,2019,8,14,obsidian://open?vault=NCHU_Research&file=ABARA_01371
ABARA_01372,Araneidae,Aoaraneus,pentagrammicus,Aoaraneus pentagrammicus,五紋青鬼蛛,●,◐,●,Pringles_01,M,Taiwan,"Wunlan, Sioulin Township, Hualien ",,,,2019,8,14,obsidian://open?vault=NCHU_Research&file=ABARA_01372
ABARA_01420,Araneidae,Aoaraneus,pentagrammicus,Aoaraneus pentagrammicus,五紋青鬼蛛,●,◐,,Pringles_01,F,Taiwan,"Matai trail, Jianshi Township, Hsinchu County",346.0,24.696,121.19,2020,3,7,obsidian://open?vault=NCHU_Research&file=ABARA_01420
ABARA_01610,Araneidae,Eriovixia,laglaizei,Eriovixia laglaizei,拉氏毛圓蛛,●,◐,●,Pringles_03,F,Taiwan,"滬尾櫻花大道 Denggong Rd, Tamsui Dist, New Taipei City",77.0,25.168363,121.462381,2020,6,25,obsidian://open?vault=NCHU_Research&file=ABARA_01610
ABARA_01755,Araneidae,Eriovixia,laglaizei,Eriovixia laglaizei,拉氏毛圓蛛,●,◐,●,Pringles_03,M,Taiwan,"DahanShan forest road 0-6K, Chunri Township, Pingtung County",150.0,22.4039,120.6364,2020,5,3,obsidian://open?vault=NCHU_Research&file=ABARA_01755
ABARA_02940,Araneidae,Eriovixia,sp,Eriovixia sp,,●,◐,●,Pringles_03,F,Philippines,"Luzon, Philippines",300.0,17.78,121.28,2019,8,2,obsidian://open?vault=NCHU_Research&file=ABARA_02940
ABARA_02941,Araneidae,Eriovixia,sp,Eriovixia sp,,●,◐,●,Pringles_03,F,Philippines,"Luzon, Philippines",300.0,17.78,121.28,2019,8,2,obsidian://open?vault=NCHU_Research&file=ABARA_02941
ABARA_03080,Araneidae,Aoaraneus,pentagrammicus,Aoaraneus pentagrammicus,五紋青鬼蛛,●,,,Pringles_01,F,Taiwan,"Tenjhi forest recreation Area,Taoyuan District, Kaohsiung City",1200.0,23.067284,120.756127,2021,4,3,obsidian://open?vault=NCHU_Research&file=ABARA_03080
ABARA_03157,Araneidae,Eriovixia,pseudocentrodes,Eriovixia pseudocentrodes,尖腹毛圓蛛,●,◐,,Pringles_03,F,Taiwan,群峯山莊,1398.0,23.505025,120.696897,2020,7,23,obsidian://open?vault=NCHU_Research&file=ABARA_03157
ABARA_03190,Araneidae,Guizygiella,sp,Guizygiella sp,,●,◐,,Pringles_03,F,Taiwan,"Chiayi County, Taiwan",900.0,23.42,120.65,2021,1,21,obsidian://open?vault=NCHU_Research&file=ABARA_03190
ABARA_03601,Araneidae,Leviaraneus,viridiventris,Leviaraneus viridiventris,綠腹鬼蛛,●,◐,,Pringles_03,F,Taiwan,"田家樂社區賞螢步道 Zhusan Township, Nantou County",244.0,23.712096,120.694034,2022,2,8,obsidian://open?vault=NCHU_Research&file=ABARA_03601
ABARA_03839,Araneidae,Aoaraneus,sp.1,Aoaraneus sp.1,疑似青鬼蛛屬,●,◐,●,Pringles_01,M,Taiwan,"Taipei City, Taiwan",600.0,25.16,121.54,2022,3,18,obsidian://open?vault=NCHU_Research&file=ABARA_03839
ABARA_03847,Araneidae,Aoaraneus,pentagrammicus,Aoaraneus pentagrammicus,五紋青鬼蛛,,,,Pringles_01,M,Taiwan,高士佛步道,361.0,22.120921,120.837497,2022,4,3,obsidian://open?vault=NCHU_Research&file=ABARA_03847
ABARA_03848,Araneidae,Aoaraneus,pentagrammicus,Aoaraneus pentagrammicus,五紋青鬼蛛,●,,,Pringles_01,F,Taiwan,高士佛步道,361.0,22.120921,120.837497,2022,4,3,obsidian://open?vault=NCHU_Research&file=ABARA_03848
ABARA_03849,Araneidae,Aoaraneus,pentagrammicus,Aoaraneus pentagrammicus,五紋青鬼蛛,,,,Pringles_01,M,Taiwan,高士佛步道,361.0,22.120921,120.837497,2022,4,3,obsidian://open?vault=NCHU_Research&file=ABARA_03849
ABARA_03853,Araneidae,Eriovixia,sakiedaorum,Eriovixia sakiedaorum,崎枝氏毛圓蛛,●,◐,●,Pringles_03,F,Taiwan,"五指山 Wuzhi Mountain, Beipu Township, Hsinchu County",750.0,24.640405,121.088146,2022,3,25,obsidian://open?vault=NCHU_Research&file=ABARA_03853
ABARA_03877,Araneidae,Aoaraneus,pentagrammicus,Aoaraneus pentagrammicus,五紋青鬼蛛,●,,,Pringles_01,M,Taiwan,"迎風堡 Zhusan Township, Nantou Co.",1629.0,23.646716,120.780262,2022,5,11,obsidian://open?vault=NCHU_Research&file=ABARA_03877
ABARA_03880,Araneidae,Eriovixia,sakiedaorum,Eriovixia sakiedaorum,崎枝氏毛圓蛛,,,,Pringles_03,M,Taiwan,"紅頭森林步道 Hungtou forest trail, Lanyu Township, Taitung County",54.0,22.008948,121.57173,2022,4,5,obsidian://open?vault=NCHU_Research&file=ABARA_03880
ABARA_03881,Araneidae,Eriovixia,sakiedaorum,Eriovixia sakiedaorum,崎枝氏毛圓蛛,,,,Pringles_03,F,Taiwan,"紅頭森林步道 Hungtou forest trail, Lanyu Township, Taitung County",54.0,22.008948,121.57173,2022,4,6,obsidian://open?vault=NCHU_Research&file=ABARA_03881
ABARA_03882,Araneidae,Eriovixia,excelsa,Eriovixia excelsa,艾氏毛圓蛛,●,,●,Pringles_03,F,Taiwan,"三嵙頭Shankekou, Xinshe Dist., Taichung City ",537.0,24.195035,120.806942,2022,5,8,obsidian://open?vault=NCHU_Research&file=ABARA_03882
ABARA_04361,Araneidae,Eriovixia,sakiedaorum,Eriovixia sakiedaorum,崎枝氏毛圓蛛,,,,Pringles_03,F,Taiwan,"中橫，蘭嶼 Lanyu Township, Taitung County",138.0,22.036062,121.564466,2022,4,6,obsidian://open?vault=NCHU_Research&file=ABARA_04361
ABARA_04465,Araneidae,Eriovixia,pseudocentrodes,Eriovixia pseudocentrodes,尖腹毛圓蛛,●,,,Pringles_03,F,Taiwan,"蓮華池 Lianhuachih Research Center, Yuchi Township, Nantou County ",676.0,23.918332,120.885049,2011,8,11,obsidian://open?vault=NCHU_Research&file=ABARA_04465
ABARA_04466,Araneidae,Eriovixia,pseudocentrodes,Eriovixia pseudocentrodes,尖腹毛圓蛛,●,◐,,Pringles_03,F,Taiwan,"Low Altitude Experimental Station, Hoping Dist. Taichung City",1000.0,24.273285,120.948539,2011,8,5,obsidian://open?vault=NCHU_Research&file=ABARA_04466
ABARA_04721,Araneidae,Bijoaraneus,sp.1,Bijoaraneus sp.1,,●,,,Pringles_02,F,Taiwan,"Kaohsiung City, Taiwan",1100.0,23.04,120.71,2022,11,28,obsidian://open?vault=NCHU_Research&file=ABARA_04721
ABARA_04750,Araneidae,Leviaraneus,viridiventris,Leviaraneus viridiventris,綠腹鬼蛛,●,,,Pringles_03,F,Taiwan,"田家樂社區賞螢步道 Zhusan Township, Nantou County",244.0,23.712096,120.694034,2022,12,23,obsidian://open?vault=NCHU_Research&file=ABARA_04750
ABARA_04801,Araneidae,Leviaraneus,viridiventris,Leviaraneus viridiventris,綠腹鬼蛛,●,,,Pringles_03,F,Taiwan,"田家樂社區賞螢步道 Zhusan Township, Nantou County",244.0,23.712096,120.694034,2022,11,20,obsidian://open?vault=NCHU_Research&file=ABARA_04801
ABARA_05048,Araneidae,Bijoaraneus,cf. legonensi,Bijoaraneus cf. legonensi,,●,,,Pringles_02,F,India,"Tamil Nadu, India",1000.0,12.58,78.66,2023,8,8-16,obsidian://open?vault=NCHU_Research&file=ABARA_05048
ABARA_05070,Araneidae,Aoaraneus,pentagrammicus,Aoaraneus pentagrammicus,五紋青鬼蛛,●,◐,●,Pringles_01,F,Taiwan,"力行產業道路 Ren'ai Township, Nantou County",1540.0,24.06277,121.15888,2023,7,10,obsidian://open?vault=NCHU_Research&file=ABARA_05070
ABARA_05105,Araneidae,Bijoaraneus,sp.1,Bijoaraneus sp.1,,●,◐,●,Pringles_02,F,Taiwan,"Pingtung County, Taiwan",200.0,22.22,120.79,2023,1,12,obsidian://open?vault=NCHU_Research&file=ABARA_05105
ABARA_05106,Araneidae,Aoaraneus,pentagrammicus,Aoaraneus pentagrammicus,五紋青鬼蛛,●,,,Pringles_01,M,Taiwan,"雙流國家森林遊樂區Shuangliu Forest Recreation Area,Shizi Township, Pingtung County",182.0,22.218755,120.794352,2023,1,12,obsidian://open?vault=NCHU_Research&file=ABARA_05106
ABARA_05119,Araneidae,Aoaraneus,amabilis,Aoaraneus amabilis,可愛青鬼蛛,●,,,Pringles_01,F,Japan,"沖繩,東南植物園 Okinawa, Southeast Botanical Gardens",45.0,26.37473,127.806142,2023,9,6,obsidian://open?vault=NCHU_Research&file=ABARA_05119
ABARA_05193,Araneidae,Eriovixia,laglaizei,Eriovixia laglaizei,拉氏毛圓蛛,,,,Pringles_03,F,Taiwan,"富陽自然生態公園 Fuyang Eco Park, Da'an District,Taipei City",,25.01,121.55,2023,7,24,obsidian://open?vault=NCHU_Research&file=ABARA_05193
ABARA_05252,Araneidae,Guizygiella,sp,Guizygiella sp,,●,◐,,Pringles_03,F,Taiwan,"Nantou County, Taiwan",1100.0,24.02,121.19,2024,2,22,obsidian://open?vault=NCHU_Research&file=ABARA_05252
ABARA_05253,Araneidae,Guizygiella,sp,Guizygiella sp,,●,◐,,Pringles_03,F,Taiwan,"Nantou County, Taiwan",1100.0,24.02,121.19,2024,2,22,obsidian://open?vault=NCHU_Research&file=ABARA_05253
ABARA_05445,Araneidae,Bijoaraneus,sp,Bijoaraneus sp,,,,,Pringles_02,J,India,"Tamil Nadu, India",1000.0,12.58,78.63,2024,7,2-12,obsidian://open?vault=NCHU_Research&file=ABARA_05445
ABARA_05454,Araneidae,Eriovixia,sp,Eriovixia sp,,●,,,Pringles_03,F,India,"Tamil Nadu, India",1000.0,12.58,78.63,2024,7,2-12,obsidian://open?vault=NCHU_Research&file=ABARA_05454
ABARA_05478,Araneidae,Bijoaraneus,sp.1,Bijoaraneus sp.1,,●,,,Pringles_02,F,Taiwan,"New Taipei City, Taiwan",100.0,24.94,121.55,2015,11,22,obsidian://open?vault=NCHU_Research&file=ABARA_05478
ABARA_05479,Araneidae,Bijoaraneus,aff. mitificus,Bijoaraneus aff. mitificus,黑綠媛鬼蛛,,,,Pringles_02,F,Taiwan,"嘉義縣觸口自然教育中心 Chiayi--Chukou Nature Center, Chiayi County ",165.0,23.453133,120.559564,2015,11,25,obsidian://open?vault=NCHU_Research&file=ABARA_05479
ABARA_05480,Araneidae,Bijoaraneus,aff. mitificus,Bijoaraneus aff. mitificus,黑綠媛鬼蛛,●,,,Pringles_02,F,Taiwan,"高雄市柴山西海岸 Chaishan, Gushan Dist., Kaohsiung City",51.0,22.635045,120.259706,2016,6,3,obsidian://open?vault=NCHU_Research&file=ABARA_05480
ABARA_05483,Araneidae,Bijoaraneus,aff. mitificus,Bijoaraneus aff. mitificus,黑綠媛鬼蛛,●,,,Pringles_02,F,Taiwan,"南投縣中寮鄉 Zhongliao Township, Nantou County",195.0,23.89977,120.78315,2018,5,11,obsidian://open?vault=NCHU_Research&file=ABARA_05483
ABARA_05484,Araneidae,Bijoaraneus,aff. mitificus,Bijoaraneus aff. mitificus,黑綠媛鬼蛛,,,,Pringles_02,F,Taiwan,"南投縣中寮鄉 Zhongliao Township, Nantou County",250.0,23.93053,120.7989,2019,4,19,obsidian://open?vault=NCHU_Research&file=ABARA_05484
ABARA_05485,Araneidae,Bijoaraneus,aff. mitificus,Bijoaraneus aff. mitificus,黑綠媛鬼蛛,,,,Pringles_02,F,Taiwan,"南投縣中寮鄉 Zhongliao Township, Nantou County",195.0,23.86646,120.78315,2019,6,19,obsidian://open?vault=NCHU_Research&file=ABARA_05485
ABARA_05486,Araneidae,Bijoaraneus,sp.1,Bijoaraneus sp.1,,,,,Pringles_02,F,Taiwan,"New Taipei City, Taiwan",,,,2020,7,29,obsidian://open?vault=NCHU_Research&file=ABARA_05486
ABARA_05532,Araneidae,Aoaraneus,amabilis,Aoaraneus amabilis,可愛青鬼蛛,●,,,Pringles_01,M,Japan,"與那覇岳 Yonaha Mt. Trail, Kunigami District, Okinawa County",348.0,26.730278,128.211944,2024,7,5,obsidian://open?vault=NCHU_Research&file=ABARA_05532
ABARA_05533,Araneidae,Aoaraneus,amabilis,Aoaraneus amabilis,可愛青鬼蛛,,,,Pringles_01,M,Japan,"與那覇岳 Yonaha Mt. Trail, Kunigami District, Okinawa County",348.0,26.730278,128.211944,2024,7,5,obsidian://open?vault=NCHU_Research&file=ABARA_05533
ABARA_05540,Araneidae,Aoaraneus,amabilis,Aoaraneus amabilis,可愛青鬼蛛,,,,Pringles_01,M,Japan,"大宜味村 Oogimison Village, Kunigami District, Okinawa County",261.0,26.6834,128.1368,2024,7,6,obsidian://open?vault=NCHU_Research&file=ABARA_05540
ABARA_05542,Araneidae,Aoaraneus,amabilis,Aoaraneus amabilis,可愛青鬼蛛,,,,Pringles_01,F,Japan,"大宜味村 Oogimison Village, Kunigami District, Okinawa County",261.0,26.6834,128.1368,2024,7,6,obsidian://open?vault=NCHU_Research&file=ABARA_05542
ABARA_05543,Araneidae,Aoaraneus,amabilis,Aoaraneus amabilis,可愛青鬼蛛,●,,●,Pringles_01,F,Japan,"大宜味村 Oogimison Village, Kunigami District, Okinawa County",261.0,26.6834,128.1368,2024,7,6,obsidian://open?vault=NCHU_Research&file=ABARA_05543
ABARA_05544,Araneidae,Aoaraneus,amabilis,Aoaraneus amabilis,可愛青鬼蛛,●,◐,,Pringles_01,M,Japan,"大宜味村 Oogimison Village, Kunigami District, Okinawa County",261.0,26.6834,128.1368,2024,7,6,obsidian://open?vault=NCHU_Research&file=ABARA_05544
ABARA_05580,Araneidae,Bijoaraneus,aff. mitificus,Bijoaraneus aff. mitificus,黑綠媛鬼蛛,●,,,Pringles_02,M,Taiwan,"雲林縣古坑鄉棋盤村 Gukeng Township, Yunlin County",716.0,23.960516,120.849766,2014,6,26,obsidian://open?vault=NCHU_Research&file=ABARA_05580
ABARA_05581,Araneidae,Bijoaraneus,sp.1,Bijoaraneus sp.1,,●,,,Pringles_02,F,Taiwan,"Taitung County, Taiwan",200.0,22.69,120.99,2015,1,25,obsidian://open?vault=NCHU_Research&file=ABARA_05581
ABARA_05582,Araneidae,Bijoaraneus,sp.1,Bijoaraneus sp.1,,,,,Pringles_02,F,Taiwan,"Pingtung County, Taiwan",,,,2016,4,30,obsidian://open?vault=NCHU_Research&file=ABARA_05582
ABARA_05583,Araneidae,Bijoaraneus,sp.1,Bijoaraneus sp.1,,,,,Pringles_02,F,Taiwan,"Pingtung County, Taiwan",,,,2016,4,30,obsidian://open?vault=NCHU_Research&file=ABARA_05583
ABARA_05584,Araneidae,Bijoaraneus,sp.1,Bijoaraneus sp.1,,,,,Pringles_02,F,Taiwan,"Yilan County, Taiwan",0.0,24.47,121.78,2017,6,6,obsidian://open?vault=NCHU_Research&file=ABARA_05584
ABARA_05585,Araneidae,Bijoaraneus,aff. mitificus,Bijoaraneus aff. mitificus,黑綠媛鬼蛛,●,,,Pringles_02,M,Taiwan,"南投縣九份二山 Jiufen'ershan, Nantou County",43.0,23.960516,120.849766,2018,7,18,obsidian://open?vault=NCHU_Research&file=ABARA_05585
ABARA_05586,Araneidae,Bijoaraneus,aff. mitificus,Bijoaraneus aff. mitificus,黑綠媛鬼蛛,●,,,Pringles_02,M,Taiwan,"高雄市柴山西海岸 Chaishan, Gushan Dist., Kaohsiung City",51.0,22.635045,120.259706,2017,3,24,obsidian://open?vault=NCHU_Research&file=ABARA_05586
ABARA_05587,Araneidae,Bijoaraneus,sp.1,Bijoaraneus sp.1,,,,,Pringles_02,M,Taiwan,"Yilan County, Taiwan",200.0,24.54,121.83,2019,3,11,obsidian://open?vault=NCHU_Research&file=ABARA_05587
ABARA_05588,Araneidae,Bijoaraneus,aff. mitificus,Bijoaraneus aff. mitificus,黑綠媛鬼蛛,●,,,Pringles_02,F,Taiwan,"雲林縣古坑鄉大力農場 Gukeng Township, Yunlin County",,,,2020,4,9,obsidian://open?vault=NCHU_Research&file=ABARA_05588
ABARA_05589,Araneidae,Bijoaraneus,sp.1,Bijoaraneus sp.1,,●,,,Pringles_02,M,Taiwan,"Yilan County, Taiwan",100.0,24.53,121.84,2020,11,3,obsidian://open?vault=NCHU_Research&file=ABARA_05589
ABARA_05590,Araneidae,Bijoaraneus,sp.1,Bijoaraneus sp.1,,,,,Pringles_02,F,Taiwan,"Hualien County, Taiwan",0.0,24.25,121.72,2020,11,5,obsidian://open?vault=NCHU_Research&file=ABARA_05590
ABARA_05591,Araneidae,Bijoaraneus,sp.1,Bijoaraneus sp.1,,●,,,Pringles_02,M,Taiwan,"Yilan County, Taiwan",100.0,24.56,121.84,2020,3,2,obsidian://open?vault=NCHU_Research&file=ABARA_05591
ABARA_05592,Araneidae,Aoaraneus,pentagrammicus,Aoaraneus pentagrammicus,五紋青鬼蛛,,,,Pringles_01,F,Taiwan,"花蓮縣秀林鄉 Xiulin Township,  Hualien County",35.0,24.248112,121.715549,2020,3,5,obsidian://open?vault=NCHU_Research&file=ABARA_05592
ABARA_05593,Araneidae,Bijoaraneus,sp.1,Bijoaraneus sp.1,,,,,Pringles_02,M,Taiwan,"Yilan County, Taiwan",200.0,24.54,121.83,2020,5,6,obsidian://open?vault=NCHU_Research&file=ABARA_05593
ABARA_05594,Araneidae,Bijoaraneus,sp.1,Bijoaraneus sp.1,,●,,,Pringles_02,M,Taiwan,"Yilan County, Taiwan",100.0,24.53,121.84,2020,7,7,obsidian://open?vault=NCHU_Research&file=ABARA_05594
ABARA_05595,Araneidae,Bijoaraneus,sp.1,Bijoaraneus sp.1,,,,,Pringles_02,M,Taiwan,"Yilan County, Taiwan",100.0,24.53,121.84,2020,7,7,obsidian://open?vault=NCHU_Research&file=ABARA_05595
ABARA_05596,Araneidae,Bijoaraneus,sp.1,Bijoaraneus sp.1,,,,,Pringles_02,M,Taiwan,"Yilan County, Taiwan",200.0,24.54,121.83,2020,7,7,obsidian://open?vault=NCHU_Research&file=ABARA_05596
ABARA_05597,Araneidae,Bijoaraneus,sp.1,Bijoaraneus sp.1,,,,,Pringles_02,M,Taiwan,"Yilan County, Taiwan",100.0,24.44,121.77,2021,4,13,obsidian://open?vault=NCHU_Research&file=ABARA_05597
ABARA_05598,Araneidae,Bijoaraneus,sp.1,Bijoaraneus sp.1,,,,,Pringles_02,M,Taiwan,"Yilan County, Taiwan",100.0,24.44,121.77,2021,4,13,obsidian://open?vault=NCHU_Research&file=ABARA_05598
ABARA_05599,Araneidae,Bijoaraneus,sp.1,Bijoaraneus sp.1,,●,,,Pringles_02,M,Taiwan,"Hualien County, Taiwan",0.0,24.25,121.72,2021,4,12,obsidian://open?vault=NCHU_Research&file=ABARA_05599
ABARA_05600,Araneidae,Bijoaraneus,sp.1,Bijoaraneus sp.1,,,,,Pringles_02,F,Taiwan,"Hualien County, Taiwan",0.0,24.25,121.72,2021,4,12,obsidian://open?vault=NCHU_Research&file=ABARA_05600
ABARA_05601,Araneidae,Bijoaraneus,sp.1,Bijoaraneus sp.1,,,,,Pringles_02,F,Taiwan,"Hualien County, Taiwan",0.0,24.25,121.72,2021,4,12,obsidian://open?vault=NCHU_Research&file=ABARA_05601
ABARA_05602,Araneidae,Bijoaraneus,aff. mitificus,Bijoaraneus aff. mitificus,黑綠媛鬼蛛,●,,,Pringles_02,F,Taiwan,"雲林縣古坑鄉大力農場 Gukeng Township, Yunlin County",61.0,23.6397,120.5368,2021,2,26,obsidian://open?vault=NCHU_Research&file=ABARA_05602
ABARA_05603,Araneidae,Bijoaraneus,aff. mitificus,Bijoaraneus aff. mitificus,黑綠媛鬼蛛,●,,●,Pringles_02,F,Taiwan,"雲林縣古坑鄉慈心農地 Gukeng Township, Yunlin County",55.0,23.6409,120.5322,2021,2,25,obsidian://open?vault=NCHU_Research&file=ABARA_05603
ABARA_05604,Araneidae,Bijoaraneus,aff. mitificus,Bijoaraneus aff. mitificus,黑綠媛鬼蛛,,,,Pringles_02,F,Taiwan,"雲林縣古坑鄉慈心農地 Gukeng Township, Yunlin County",55.0,23.6409,120.5322,2021,2,25,obsidian://open?vault=NCHU_Research&file=ABARA_05604
ABARA_05605,Araneidae,Bijoaraneus,aff. mitificus,Bijoaraneus aff. mitificus,黑綠媛鬼蛛,●,,,Pringles_02,M,Taiwan,"雲林縣古坑鄉慈心農地 Gukeng Township, Yunlin County",55.0,23.6409,120.5322,2021,2,25,obsidian://open?vault=NCHU_Research&file=ABARA_05605
ABARA_05606,Araneidae,Bijoaraneus,sp.1,Bijoaraneus sp.1,,,,,Pringles_02,M,Taiwan,"Yilan County, Taiwan",100.0,24.44,121.77,2021,6,24,obsidian://open?vault=NCHU_Research&file=ABARA_05606
ABARA_05607,Araneidae,Bijoaraneus,sp.1,Bijoaraneus sp.1,,,,,Pringles_02,M,Taiwan,"Hualien County, Taiwan",0.0,24.25,121.72,2021,6,22,obsidian://open?vault=NCHU_Research&file=ABARA_05607
ABARA_05608,Araneidae,Bijoaraneus,aff. mitificus,Bijoaraneus aff. mitificus,黑綠媛鬼蛛,,,,Pringles_02,F,Taiwan,"雲林縣古坑鄉慈心農地 Gukeng Township, Yunlin County",55.0,23.6409,120.5322,2021,10,19,obsidian://open?vault=NCHU_Research&file=ABARA_05608
ABARA_05609,Araneidae,Bijoaraneus,aff. mitificus,Bijoaraneus aff. mitificus,黑綠媛鬼蛛,,,,Pringles_02,F,Taiwan,"雲林縣古坑鄉慈心農地 Gukeng Township, Yunlin County",55.0,23.6409,120.5322,2021,10,19,obsidian://open?vault=NCHU_Research&file=ABARA_05609
ABARA_05610,Araneidae,Bijoaraneus,sp.1,Bijoaraneus sp.1,,,,,Pringles_02,M,Taiwan,"Hualien County, Taiwan",0.0,24.25,121.72,2021,8,9,obsidian://open?vault=NCHU_Research&file=ABARA_05610
ABARA_05611,Araneidae,Bijoaraneus,sp.1,Bijoaraneus sp.1,,,,,Pringles_02,F,Taiwan,"Yilan County, Taiwan",100.0,24.44,121.77,2022,2,24,obsidian://open?vault=NCHU_Research&file=ABARA_05611
ABARA_05645,Araneidae,Bijoaraneus,aff. mitificus,Bijoaraneus aff. mitificus,黑綠媛鬼蛛,●,,,Pringles_02,M,Taiwan,"雲林縣古坑鄉大力農場 Gukeng Township, Yunlin County",61.0,23.6397,120.5368,2022,3,15,obsidian://open?vault=NCHU_Research&file=ABARA_05645
ABARA_05646,Araneidae,Bijoaraneus,sp.1,Bijoaraneus sp.1,,,,,Pringles_02,M,Taiwan,"Hualien County, Taiwan",0.0,24.25,121.72,2022,2,23,obsidian://open?vault=NCHU_Research&file=ABARA_05646
ABARA_05647,Araneidae,Bijoaraneus,sp.1,Bijoaraneus sp.1,,,,,Pringles_02,F,Taiwan,"Hualien County, Taiwan",0.0,24.25,121.72,2022,2,23,obsidian://open?vault=NCHU_Research&file=ABARA_05647
ABARA_05648,Araneidae,Aoaraneus,pentagrammicus,Aoaraneus pentagrammicus,五紋青鬼蛛,,,,Pringles_01,M,Taiwan,"花蓮縣秀林鄉中仁南近 Xiulin Township,  Hualien County",34.0,24.248241,121.715549,2022,2,23,obsidian://open?vault=NCHU_Research&file=ABARA_05648
ABARA_05649,Araneidae,Bijoaraneus,sp.1,Bijoaraneus sp.1,,,,,Pringles_02,F,Taiwan,"Hualien County, Taiwan",0.0,24.25,121.72,2022,2,23,obsidian://open?vault=NCHU_Research&file=ABARA_05649
ABARA_05650,Araneidae,Bijoaraneus,aff. mitificus,Bijoaraneus aff. mitificus,黑綠媛鬼蛛,●,,,Pringles_02,F,Taiwan,"南投縣南平山道田生態農場 Puli Township, Nantou County",402.0,23.9823,120.9105,2022,5,11,obsidian://open?vault=NCHU_Research&file=ABARA_05650
ABARA_05651,Araneidae,Bijoaraneus,sp.1,Bijoaraneus sp.1,,,,,Pringles_02,M,Taiwan,"Yilan County, Taiwan",100.0,24.53,121.84,2019,11,14,obsidian://open?vault=NCHU_Research&file=ABARA_05651
ABARA_05652,Araneidae,Bijoaraneus,aff. mitificus,Bijoaraneus aff. mitificus,黑綠媛鬼蛛,●,,●,Pringles_02,M,Taiwan,"台南市山上區水道博物館净水池區 Shanshang Dist., Tainan City",72.0,23.086728,120.360331,2022,8,28,obsidian://open?vault=NCHU_Research&file=ABARA_05652
ABARA_05653,Araneidae,Bijoaraneus,aff. mitificus,Bijoaraneus aff. mitificus,黑綠媛鬼蛛,,,,Pringles_02,M,Taiwan,"雲林縣古坑鄉慈心農地 Gukeng Township, Yunlin County",55.0,23.6409,120.5322,2022,10,11,obsidian://open?vault=NCHU_Research&file=ABARA_05653
ABARA_05654,Araneidae,Bijoaraneus,sp.1,Bijoaraneus sp.1,,,,,Pringles_02,M,Taiwan,"Yilan County, Taiwan",100.0,24.44,121.77,2022,7,28,obsidian://open?vault=NCHU_Research&file=ABARA_05654
ABARA_05655,Araneidae,Bijoaraneus,aff. mitificus,Bijoaraneus aff. mitificus,黑綠媛鬼蛛,●,,,Pringles_02,M,Taiwan,"電火圳步道 Dianhuozhen Trail, Shigang District, Taichung City",349.0,24.259342,120.813441,2024,7,20,obsidian://open?vault=NCHU_Research&file=ABARA_05655
ABARA_05659,Araneidae,Bijoaraneus,sp.2,Bijoaraneus sp.2,,●,◐,●,Pringles_01,M,Taiwan,"Nantou County, Taiwan",2100.0,24.09,121.17,2024,9,21,obsidian://open?vault=NCHU_Research&file=ABARA_05659
ABARA_05682,Araneidae,Bijoaraneus,sp.1,Bijoaraneus sp.1,,●,,●,Pringles_02,F,Taiwan,"Nantou County, Taiwan",1200.0,24.02,121.13,2024,10,13,obsidian://open?vault=NCHU_Research&file=ABARA_05682
ABARA_05686,Araneidae,Aoaraneus,pentagrammicus,Aoaraneus pentagrammicus,五紋青鬼蛛,,,,Pringles_01,F,Taiwan,D點,301.0,24.811185,121.222092,2024,10,11,obsidian://open?vault=NCHU_Research&file=ABARA_05686
ABARA_05687,Araneidae,Aoaraneus,pentagrammicus,Aoaraneus pentagrammicus,五紋青鬼蛛,,,,Pringles_01,F,Taiwan,A點,342.0,24.857554,121.546041,2024,10,10,obsidian://open?vault=NCHU_Research&file=ABARA_05687
ABARA_05789,Araneidae,Aoaraneus,pentagrammicus,Aoaraneus pentagrammicus,五紋青鬼蛛,●,◐,●,Pringles_01,F,Taiwan,"奮起湖 Fenqihu, Zhuqi Township, Chiayi",1564.0,23.51515,120.70386,2024,11,21,obsidian://open?vault=NCHU_Research&file=ABARA_05789
ABARA_05808,Araneidae,Aoaraneus,pentagrammicus,Aoaraneus pentagrammicus,五紋青鬼蛛,●,◐,●,Pringles_01,F,Japan,"德島市文化之森綜合公園Bunka-no-mori Park, Tokushima",,,,2024,5,24,obsidian://open?vault=NCHU_Research&file=ABARA_05808
ABARA_05809,Araneidae,Aoaraneus,pentagrammicus,Aoaraneus pentagrammicus,五紋青鬼蛛,●,◐,●,Pringles_01,M,Japan,"德島市文化之森綜合公園Bunka-no-mori Park, Tokushima",,,,2024,5,29,obsidian://open?vault=NCHU_Research&file=ABARA_05809
ABARA_05822,Araneidae,Eriovixia,laglaizei,Eriovixia laglaizei,拉氏毛圓蛛,,,,Pringles_03,F,Taiwan,"南投縣魚池鄉蓮華池 Yuchi Township, Nantou County, Taiwan",676.0,23.918332,120.885049,2011,6,,obsidian://open?vault=NCHU_Research&file=ABARA_05822
ABARA_05823,Araneidae,Eriovixia,laglaizei,Eriovixia laglaizei,拉氏毛圓蛛,,,,Pringles_03,F,Taiwan,"南投縣魚池鄉蓮華池 Yuchi Township, Nantou County, Taiwan",676.0,23.918332,120.885049,2011,8,,obsidian://open?vault=NCHU_Research&file=ABARA_05823
ABARA_05824,Araneidae,Eriovixia,excelsa,Eriovixia excelsa,艾氏毛圓蛛,●,,,Pringles_03,F,Taiwan,"南投縣魚池鄉蓮華池 Yuchi Township, Nantou County, Taiwan",676.0,23.918332,120.885049,2011,8,,obsidian://open?vault=NCHU_Research&file=ABARA_05824
ABARA_05825,Araneidae,Aoaraneus,pentagrammicus,Aoaraneus pentagrammicus,五紋青鬼蛛,●,,,Pringles_01,F,Taiwan,"台北市北投區天母古道 Beitou Dist., Taipei City, Taiwan",,,,2024,5,11,obsidian://open?vault=NCHU_Research&file=ABARA_05825
ABARA_05826,Araneidae,Aoaraneus,pentagrammicus,Aoaraneus pentagrammicus,五紋青鬼蛛,,,,Pringles_01,J,Taiwan,"台北市北投區天母古道 Beitou Dist., Taipei City, Taiwan",,,,2024,7,5,obsidian://open?vault=NCHU_Research&file=ABARA_05826
ABARA_05827,Araneidae,Aoaraneus,pentagrammicus,Aoaraneus pentagrammicus,五紋青鬼蛛,,,,Pringles_01,J,Taiwan,"台北市北投區天母古道 Beitou Dist., Taipei City, Taiwan",,,,2024,7,5,obsidian://open?vault=NCHU_Research&file=ABARA_05827
ABARA_05828,Araneidae,Aoaraneus,pentagrammicus,Aoaraneus pentagrammicus,五紋青鬼蛛,●,,,Pringles_01,F,Taiwan,"台北市北投區天母古道 Beitou Dist., Taipei City, Taiwan",,,,2024,7,5,obsidian://open?vault=NCHU_Research&file=ABARA_05828
ABARA_05877,Araneidae,Bijoaraneus,sp.2,Bijoaraneus sp.2,,●,,,Pringles_01,F,Taiwan,"Taichung City, Taiwan",1700.0,24.33,120.98,2024,8,5,obsidian://open?vault=NCHU_Research&file=ABARA_05877
ABARA_05935,Araneidae,Guizygiella,sp,Guizygiella sp,,●,◐,●,Pringles_03,M,Taiwan,"Pingtung County, Taiwan",1200.0,22.73,120.76,2022,3,17,obsidian://open?vault=NCHU_Research&file=ABARA_05935
ABARA_05936,Araneidae,Guizygiella,sp,Guizygiella sp,,●,◐,●,Pringles_03,F,Taiwan,"Pingtung County, Taiwan",1200.0,22.73,120.76,2022,3,17,obsidian://open?vault=NCHU_Research&file=ABARA_05936
ABARA_05937,Araneidae,Guizygiella,sp,Guizygiella sp,,,,,Pringles_03,F,Taiwan,"Pingtung County, Taiwan",1200.0,22.73,120.76,2022,3,17,obsidian://open?vault=NCHU_Research&file=ABARA_05937
ABARA_05938,Araneidae,Guizygiella,sp,Guizygiella sp,,,,,Pringles_03,F,Taiwan,"Pingtung County, Taiwan",1200.0,22.73,120.76,2022,3,17,obsidian://open?vault=NCHU_Research&file=ABARA_05938
ABARA_05939,Araneidae,Guizygiella,sp,Guizygiella sp,,●,◐,●,Pringles_03,F,Taiwan,"Chiayi County, Taiwan",900.0,23.42,120.65,2022,3,14,obsidian://open?vault=NCHU_Research&file=ABARA_05939
ABARA_05940,Araneidae,Guizygiella,sp,Guizygiella sp,,,,,Pringles_03,F,Taiwan,"Chiayi County, Taiwan",900.0,23.42,120.65,2022,3,14,obsidian://open?vault=NCHU_Research&file=ABARA_05940
ABARA_05941,Araneidae,Guizygiella,sp,Guizygiella sp,,,,,Pringles_03,F,Taiwan,"Chiayi County, Taiwan",900.0,23.42,120.65,2022,3,14,obsidian://open?vault=NCHU_Research&file=ABARA_05941
ABARA_05942,Araneidae,Guizygiella,sp,Guizygiella sp,,,,,Pringles_03,F,Taiwan,"Chiayi County, Taiwan",900.0,23.42,120.65,2022,3,14,obsidian://open?vault=NCHU_Research&file=ABARA_05942
ABARA_05961,Araneidae,Aoaraneus,amabilis,Aoaraneus amabilis,可愛青鬼蛛,●,,,Pringles_01,F,Japan,"瀨戶內町山區 Agina, Setouchi, Oshima District, Kagoshima 894-1511",64.0,28.184,129.3264,2025,3,22,obsidian://open?vault=NCHU_Research&file=ABARA_05961
ABARA_05991,Araneidae,Bijoaraneus,aff. mitificus,Bijoaraneus aff. mitificus,黑綠媛鬼蛛,●,◐,●,Pringles_02,F,Taiwan,"屏東龜山步道Checheng Township, Pingtung County, Taiwan ",53.0,22.05041,120.702102,2020,4,4,obsidian://open?vault=NCHU_Research&file=ABARA_05991
ABARA_05992,Araneidae,Bijoaraneus,aff. mitificus,Bijoaraneus aff. mitificus,黑綠媛鬼蛛,,,,Pringles_02,F,Taiwan,"屏東龜山步道Checheng Township, Pingtung County, Taiwan ",53.0,22.05041,120.702102,2020,4,4,obsidian://open?vault=NCHU_Research&file=ABARA_05992
ABARA_05993,Araneidae,Bijoaraneus,sp.1,Bijoaraneus sp.1,,,,,Pringles_02,F,Taiwan,"Miaoli County, Taiwan",100.0,24.62,120.96,2025,1,18,obsidian://open?vault=NCHU_Research&file=ABARA_05993
ABARA_05994,Araneidae,Bijoaraneus,sp.1,Bijoaraneus sp.1,,●,,,Pringles_02,F,Taiwan,"Pingtung County, Taiwan",100.0,22.05,120.83,2025,4,10,obsidian://open?vault=NCHU_Research&file=ABARA_05994
ABARA_05995,Araneidae,Aoaraneus,pentagrammicus,Aoaraneus pentagrammicus,五紋青鬼蛛,●,◐,●,Pringles_01,M,Taiwan,延平林道,1108.0,22.882763,121.03764,2025,3,21,obsidian://open?vault=NCHU_Research&file=ABARA_05995
ABARA_05996,Araneidae,Aoaraneus,pentagrammicus,Aoaraneus pentagrammicus,五紋青鬼蛛,●,◐,●,Pringles_01,F,Taiwan,"烏石坑 Wushikeng, Heping Dist, Taichung City ",984.0,24.274312,120.948278,2025,3,21,obsidian://open?vault=NCHU_Research&file=ABARA_05996
ABARA_05997,Araneidae,Eriovixia,laglaizei,Eriovixia laglaizei,拉氏毛圓蛛,●,,,Pringles_03,F,Taiwan,"南投縣魚池鄉蓮華池 Yuchi Township, Nantou County, Taiwan",676.0,23.918332,120.885049,2011,8,,obsidian://open?vault=NCHU_Research&file=ABARA_05997
ABARA_05998,Araneidae,Guizygiella,sp,Guizygiella sp,,,,,Pringles_03,F,Taiwan,"Chiayi County, Taiwan",900.0,23.42,120.65,2022,3,14,obsidian://open?vault=NCHU_Research&file=ABARA_05998
ABARA_05999,Araneidae,Guizygiella,sp,Guizygiella sp,,●,,●,Pringles_03,F,Taiwan,"Chiayi County, Taiwan",1000.0,23.49,120.68,2022,3,14,obsidian://open?vault=NCHU_Research&file=ABARA_05999
ABARA_06000,Araneidae,Guizygiella,sp,Guizygiella sp,,●,◐,●,Pringles_03,F,Taiwan,"Chiayi County, Taiwan",1000.0,23.49,120.68,2022,3,14,obsidian://open?vault=NCHU_Research&file=ABARA_06000
ABARA_06001,Araneidae,Guizygiella,sp,Guizygiella sp,,,,,Pringles_03,F,Taiwan,"Chiayi County, Taiwan",900.0,23.42,120.65,2022,3,14,obsidian://open?vault=NCHU_Research&file=ABARA_06001
ABARA_06002,Araneidae,Guizygiella,sp,Guizygiella sp,,●,◐,●,Pringles_03,M,Taiwan,"Chiayi County, Taiwan",900.0,23.42,120.65,2022,3,14,obsidian://open?vault=NCHU_Research&file=ABARA_06002
ABARA_06003,Araneidae,Bijoaraneus,aff. mitificus,Bijoaraneus aff. mitificus,黑綠媛鬼蛛,●,◐,●,Pringles_02,M,Taiwan,"三嵙頭Shankekou, Xinshe Dist., Taichung City ",537.0,24.195035,120.806942,2022,3,8,obsidian://open?vault=NCHU_Research&file=ABARA_06003
ABARA_06004,Araneidae,Bijoaraneus,aff. mitificus,Bijoaraneus aff. mitificus,黑綠媛鬼蛛,,,,Pringles_02,M,Taiwan,"三嵙頭Shankekou, Xinshe Dist., Taichung City ",537.0,24.195035,120.806942,2022,3,8,obsidian://open?vault=NCHU_Research&file=ABARA_06004
ABARA_06005,Araneidae,Bijoaraneus,sp.1,Bijoaraneus sp.1,,,,,Pringles_02,F,Taiwan,"Hualien County, Taiwan",0.0,24.25,121.72,2020,2,13,obsidian://open?vault=NCHU_Research&file=ABARA_06005
ABARA_06006,Araneidae,Bijoaraneus,sp.1,Bijoaraneus sp.1,,,,,Pringles_02,M,Taiwan,"Hualien County, Taiwan",0.0,24.25,121.72,2022,2,12,obsidian://open?vault=NCHU_Research&file=ABARA_06006
ABARA_06007,Araneidae,Bijoaraneus,aff. mitificus,Bijoaraneus aff. mitificus,黑綠媛鬼蛛,,,,Pringles_02,F,Taiwan,宜蘭縣南澳鄉觀音北口,70.0,24.436002,121.774294,2020,11,4,obsidian://open?vault=NCHU_Research&file=ABARA_06007
ABARA_06008,Araneidae,Bijoaraneus,sp.1,Bijoaraneus sp.1,,,,,Pringles_02,M,Taiwan,"Nantou County, Taiwan",700.0,23.89,120.92,2020,10,22,obsidian://open?vault=NCHU_Research&file=ABARA_06008
ABARA_06152,Araneidae,Aoaraneus,pentagrammicus,Aoaraneus pentagrammicus,五紋青鬼蛛,●,,,Pringles_01,F,Taiwan,"苗栗縣三義鄉 Sanyi Township, Miaoli County",350.0,24.41439,120.766594,2025,7,1,obsidian://open?vault=NCHU_Research&file=ABARA_06152
ABARA_06153,Araneidae,Bijoaraneus,sp.1,Bijoaraneus sp.1,,,,,Pringles_02,F,Taiwan,"Yunlin County, Taiwan",400.0,23.59,120.6,2025,7,10,obsidian://open?vault=NCHU_Research&file=ABARA_06153
ABARA_06154,Araneidae,Aoaraneus,pentagrammicus,Aoaraneus pentagrammicus,五紋青鬼蛛,,,,Pringles_01,F,Taiwan,"烏石坑 Wushikeng, Heping Dist, Taichung City ",984.0,24.274312,120.948278,2025,6,20,obsidian://open?vault=NCHU_Research&file=ABARA_06154
ABARA_06155,Araneidae,Aoaraneus,pentagrammicus,Aoaraneus pentagrammicus,五紋青鬼蛛,,,,Pringles_01,F,Taiwan,"大漢林道,Chunri Township, Pingtung County",1200.0,22.41194,120.73666,2025,5,4,obsidian://open?vault=NCHU_Research&file=ABARA_06155
ABARA_06156,Araneidae,Eriovixia,excelsa,Eriovixia excelsa,艾氏毛圓蛛,,,,Pringles_03,F,Taiwan,"烏石坑 Wushikeng, Heping Dist, Taichung City ",984.0,24.274312,120.948278,2025,6,20,obsidian://open?vault=NCHU_Research&file=ABARA_06156
ABARA_06157,Araneidae,Eriovixia,excelsa,Eriovixia excelsa,艾氏毛圓蛛,,,,Pringles_03,F,Taiwan,"明池山莊停車場 Datong Township, Yilan County",1162.0,24.653259,121.470178,2025,6,8,obsidian://open?vault=NCHU_Research&file=ABARA_06157
ABARA_06158,Araneidae,Guizygiella,sp,Guizygiella sp,,,,,Pringles_03,F,Taiwan,"Yilan County, Taiwan",1200.0,24.65,121.47,2025,6,8,obsidian://open?vault=NCHU_Research&file=ABARA_06158
ABARA_06159,Araneidae,Eriovixia,excelsa,Eriovixia excelsa,艾氏毛圓蛛,,,,Pringles_01,M,Taiwan,"台中火車站 Central District, Taichung City",82.0,24.135971,120.685348,2025,6,12,obsidian://open?vault=NCHU_Research&file=ABARA_06159
ABARA_06205,Araneidae,Bijoaraneus,sp.2,Bijoaraneus sp.2,,●,,,Pringles_03,M,Taiwan,"Taichung City, Taiwan",2000.0,24.24,120.98,2025,8,28,obsidian://open?vault=NCHU_Research&file=ABARA_06205
